No.,単語,品詞,意味１,意味２,意味３,意味４
1,ののしる,動詞,大声で騒ぐ,評判になる,勢いが盛んである,
2,驚く（おどろく）,動詞,（はっと）気づく,目を覚ます,（現代語と同じ）驚く,
3,呼ばふ（よばふ）,動詞,求婚する・言い寄る・（男が女の所に）通う,呼び続ける,,
4,歩く（ありく）,動詞,出歩く・歩き回る・動き回る,〈動詞の連用形に付いて〉～してまわる・～し続ける,,
5,守る（まもる）,動詞,（じっと）見つめる,世話をする,,
6,居る（ゐる）,動詞,座る・留まる・住む,〈動詞の連用形に付いて〉～ている,,
7,率る（ゐる）,動詞,連れる・伴う,,,
8,眺む（ながむ）,動詞,もの思いにふける・ぼんやり見る,,,
9,詠む（ながむ）,動詞,（漢詩や和歌を）口ずさむ・吟ずる,,,
10,匂ふ（にほふ）,動詞,美しく映える・美しく咲く,香る,,
11,見る（みる）,動詞,会う・見る,世話をする,結婚する・男女の関係を結ぶ,
12,明らむ（あきらむ）,動詞,明らかにする,,,
13,学ぶ（まねぶ）,動詞,まねる・まねをする,そのまま伝える・取り次ぐ・書き記す,,
14,愛づ（めづ）,動詞,愛する・かわいがる・好む,感嘆する・ほめる,,
15,かしづく,動詞,大切に育てる,大切に扱う・大切に世話をする・後見する,,
16,見す（みす）,動詞,結婚させる・嫁がせる,見せる・見させる,,
17,見ゆ（みゆ）,動詞,見える・思われる,見られる・見せる,（女性が）結婚する,
18,覚ゆ（おぼゆ）,動詞,（自然と）思われる,似る,思い出す・思い出される,
19,聞こゆ（きこゆ）,動詞,聞こえる,評判になる・うわさされる,理解できる・わかる,
20,惑ふ（まどふ）,動詞,思い乱れる・困惑する・迷う・途方に暮れる,〈動詞の連用形に付いて〉ひどく（～する）,,
21,飽く（あく）,動詞,満足する,飽きる・いやになる,,
22,遊ぶ（あそぶ）,動詞,管弦を楽しむ,楽しく過ごす・歩き回る,,
23,悩む（なやむ）,動詞,病気になる・わずらう・苦しむ・妊娠や出産で苦しむ,,,
24,煩ふ（わづらふ）,動詞,苦労する・思い悩む,病気になる,〈動詞の連用形に付いて〉～するのに困る,
25,怠る（おこたる）,動詞,病気がよくなる,,,
26,行ふ（おこなふ）,動詞,仏道修行をする・勤行する,,,
27,厭ふ（いとふ）,動詞,嫌だと思う・嫌う,〈多くは「世をいとふ」の形で〉出家する,,
28,やつす,動詞,目立たないようにする・質素にする,出家姿に変える・出家する,,
29,侘ぶ（わぶ）,動詞,つらく思う・嘆く・困惑する,〈動詞の連用形に付いて〉～きれない・～かねる,,
30,失す（うす）,動詞,亡くなる・死ぬ,（物・人が）消える・見えなくなる,,
31,後る・遅る（おくる）,動詞,先立たれる・取り残される・死に後れる,劣る,,
32,具す（ぐす）,動詞,従う・連れる・携帯する,そなえる・そなわる・そろう,,
33,物す（ものす）,動詞,ある・いる・行く・来る・（物事を）する,〈「ものしたまふ」の形で〉いらっしゃる,,
34,念ず（ねんず）,動詞,（神仏に）祈る,我慢する,,
35,寝（ぬ）,動詞,眠る・寝る,,,
36,経（ふ）,動詞,〈時間〉過ぎる,〈場所〉通る,,
37,得（う）,動詞,手に入れる,理解する,,
38,遣る（やる）,動詞,（人を）行かせる・（物をこちらから）送る,（心の憂さなどを）晴らす,〈動詞の連用形+「やらず」の形で〉～きれない,
39,遣す（おこす）,動詞,（向こうからこちらに）よこす,〈動詞の連用形に付いて〉こちらへ～する,,
40,渡る（わたる）,動詞,移動する・通る・行く,〈動詞の連用形に付いて〉一面に（～する）,〈動詞の連用形に付いて〉～し続ける,
41,頼む（たのむ）,動詞,〈四段〉あてにする・期待する・頼りにする,〈下二段〉あてにさせる・期待させる・頼りにさせる,,
42,被く（かづく）,動詞,〈四段〉かぶる・（ほうびを）いただく,〈下二段〉かぶせる・（ほうびを）与える,,
43,をかし,形容詞,趣がある・おもしろい,すばらしい,滑稽だ・おかしい,
44,面白し（おもしろし）,形容詞,すばらしい・趣がある,興味深い・楽しい,,
45,美し（うつくし）,形容詞,かわいい・いとしい,立派だ・見事だ,,
46,愛し・悲し・哀し（かなし）,形容詞,いとしい・かわいい,悲しい・切ない,,
47,らうたし,形容詞,かわいらしい・いじらしい,,,
48,好き好きし（すきずきし）,形容詞,好色めいている・恋愛に関心が高い,風流だ・物好きだ,,
49,生めかし（なまめかし）,形容詞,若々しい・みずみずしく美しい,優美だ・上品だ,,
50,麗し（うるはし）,形容詞,端正だ・きちんとしている,美しい・立派だ・見事だ,親密だ・誠実だ,
51,大人し（おとなし）,形容詞,大人びている・ませている,思慮分別がある,年長だ・主だっている,
52,いはけなし,形容詞,幼い・子供っぽい,,,
53,いとほし,形容詞,気の毒だ・かわいそうだ,かわいい・いじらしい,,
54,めでたし,形容詞,すばらしい,よろこばしい,,
55,有り難し（ありがたし）,形容詞,めったにない・めずらしい,（めったにないほど）すばらしい,,
56,目安し（めやすし）,形容詞,（見た目の）感じがよい・親しみがある,,,
57,なつかし,形容詞,親しみ深い,心ひかれる・慕わしい,,
58,ゆかし,形容詞,見たい・聞きたい・知りたい,心ひかれる・慕わしい,,
59,よろし,形容詞,悪くはない,普通だ,,
60,やさし,形容詞,恥ずかしい・きまりが悪い,優美だ・上品だ,けなげだ・殊勝だ・感心だ,
61,心憎し（こころにくし）,形容詞,奥ゆかしい・上品だ,心ひかれる,,
62,恥づかし（はづかし）,形容詞,立派だ・すばらしい,きまりが悪い・恥ずかしい,,
63,怪し（あやし）,形容詞,不思議だ・妙だ,不都合だ,,
64,賤し（あやし）,形容詞,身分が低い,粗末だ・みすぼらしい,,
65,便無し（びんなし）,形容詞,不都合だ・具合が悪い,困った・けしからん,（現代語と同じ）気の毒だ,
66,憂し（うし）,形容詞,つらい・いやだ,,,
67,辛し（つらし）,形容詞,薄情だ・冷淡だ,苦痛だ・つらい・恨めしい,,
68,なめし,形容詞,無礼だ・失礼だ,,,
69,口惜し（くちをし）,形容詞,残念だ・がっかりだ・情けない,,,
70,むつかし,形容詞,うっとうしい・不快だ・面倒だ,気味が悪い・恐ろしい,,
71,おどろおどろし,形容詞,仰々しい・おおげさだ,不気味だ・恐ろしい,,
72,本意無し（ほいなし）,形容詞,残念だ・不本意だ,,,
73,わりなし,形容詞,通りに合わない・妙だ,どうしようもない・しかたがない,つらい・苦しい,〈程度〉ひどい・はなはだしい
74,侘びし（わびし）,形容詞,つらい・やりきれない・つまらない,（現代語と同じ）わびしい・みすぼらしい,,
75,さうざうし,形容詞,心さびしい・もの足りない,,,
76,すさまじ,形容詞,興ざめだ・おもしろくない,殺風景だ・寒々としている,,
77,おぼつかなし,形容詞,はっきりしない・ぼんやりしている,不安だ・気がかりだ,待ち遠しい・じれったい,
78,心もとなし（こころもとなし）,形容詞,はっきりしない・かすかだ,気がかりだ・落ち着かない,待ち遠しい・じれったい,
79,うしろめたし,形容詞,気がかりだ・不安だ,,,
80,こころづきなし,形容詞,気に入らない・心がひかれない,,,
81,傍ら痛し（かたはらいたし）,形容詞,見苦しい・聞き苦しい・気の毒だ,きまりが悪い・恥ずかしい,,
82,あさまし,形容詞,驚くほどだ・意外だ,あきれるほどだ,情けない・嘆かわしい,
83,めざまし,形容詞,心外だ・気に食わない,すばらしい・予想外に立派だ,,
84,いみじ,形容詞,（とても）すばらしい,（とても）ひどい,〈「いみじく」の形で〉たいそう,
85,ゆゆし,形容詞,不吉だ・恐ろしい,〈程度〉はなはだしい,すばらしい,
86,畏し・賢し（かしこし）,形容詞,おそれ多い,すばらしい・すぐれている,〈「かしこく」の形で〉たいそう,
87,賢し（さかし）,形容詞,賢明だ・優れている,しっかりしている・気丈だ,利口ぶる・こざかしい,
88,著し（しるし）,形容詞,はっきりわかる・明白だ,〈「～もしるく」の形で〉～（の）とおりに,,
89,端無し（はしたなし）,形容詞,中途半端だ・間が悪い,無愛想だ・つれない,〈程度〉はなはだしい・ひどい,
90,やむごとなし,形容詞,大切だ・特別だ・この上ない,身分が高い・尊い,,
91,あはれなり,形容動詞,しみじみとした情趣がある,かわいらし・いとしい,気の毒だ・かわいそうだ,
92,貴なり（あてなり）,形容動詞,高貴だ・身分が高い,上品だ・優雅だ,,
93,優なり（いうなり）,形容動詞,すぐれている・立派だ,優雅だ・優美だ・上品で美しい,,
94,艶なり（えんなり）,形容動詞,優美だ・華やかで美しい,なまめかしい,,
95,清らなり（きよらなり・けうらなり）,形容動詞,（最高に）美しい,,,
96,清げなり（きよげなり）,形容動詞,（すっきりとして）美しい,,,
97,徒なり（あだなり）,形容動詞,不誠実だ・浮気だ,はかない・一時的だ,,
98,まめなり・まめやかなり,形容動詞,まじめだ・誠実だ,実用的だ,,
99,徒然なり（つれづれなり）,形容動詞,退屈だ,ものさびしい,,
100,疎かなり（おろかなり）,形容動詞,おろそかだ・いいかげんだ,〈多くは「いふもおろかなり」の形で〉（言葉では）言い尽くせない,,
101,更なり（さらなり）,形容動詞,言うまでもない・もちろんだ,〈多くは「いへばさらない」の形で〉言うまでもない,,
102,徒らなり（いたづらなり）,形容動詞,無駄だ・役に立たない,むなしい・何もすることがない・退屈だ,,
103,あからさまなり,形容動詞,ほんのちょっと・一時的だ,,,
104,無下なり（むげなり）,形容動詞,ひどい・最低だ,〈「むげに」の形で副詞的に〉むやみに・すっかり,〈打消表現をともなって副詞的に〉まったく（～ない）,
105,強ちなり（あながちなり）,形容動詞,一途だ,強引だ・無理矢理だ,,
106,をこなり,形容動詞,愚かだ・ばかだ・みっともない,,,
107,文・書（ふみ）,名詞,手紙,書物・漢籍,漢詩・漢学,
108,消息（せうそこ）,名詞,手紙・伝言,訪問の来意を告げること,,
109,才（ざえ）,名詞,（漢詩文などの）学問・学才,（和歌・音楽などの）技能・才芸,,
110,手（て）,名詞,文字・筆跡,演奏・楽曲,方法・手段,傷・負傷
111,形・容貌（かたち）,名詞,容貌・顔立ち・様子,,,
112,影（かげ）,名詞,（日・月・灯火などの）光,（人やものの）姿・形・面影,,
113,陰・蔭（かげ）,名詞,（光の当たらない）影・恩恵・庇護,,,
114,目見（まみ）,名詞,目元・めつき,,,
115,気色（けしき）,名詞,様子・そぶり・自然の情景,機嫌,意向・意中,
116,年比・年頃・年来（としごろ）,名詞,長年・数年来,,,
117,内裏・内（うち）,名詞,内裏・宮中,帝・天皇,,
118,雲居（くもゐ）,名詞,宮中,空・雲,,
119,上（うへ）,名詞,帝・天皇,（貴人の）妻・高貴な女性,御座所・高貴な人の居場所,
120,公（おほやけ）,名詞,宮中・朝廷,帝・天皇,,
121,行幸（みゆき）,名詞,（帝の）お出まし,,,
122,御幸（みゆき）,名詞,（院の）お出まし,,,
123,御前（おまへ）,名詞,（神仏や貴人の）御前・お側,〈貴人の敬称〉お方・～様,,
124,限り（かぎり）,名詞,限界・限度・期限,極致・極限,臨終・最期,すべて・全部・（～の）間
125,験・徴（しるし）,名詞,効果・効き目,（神仏の）霊験・ご利益,兆候・兆し,
126,序（ついで）,名詞,順序・順番,機会・折,,
127,覚え（おぼえ）,名詞,評判・人望,〈多く「御おぼえ」の形で〉寵愛,,
128,聞こえ（きこえ）,名詞,評判・うわさ,,,
129,現（うつつ）,名詞,現実,正気,,
130,名（な）,名詞,評判・名声,,,
131,名残（なごり）,名詞,余韻・余情,形見・遺児,別れ,
132,同胞（はらから）,名詞,兄弟・姉妹,,,
133,古里・故郷（ふるさと）,名詞,旧都,昔なじみの場所,実家・わが家,
134,理（ことわり）,名詞,道理・筋道,,,
135,言（こと）,名詞,言葉・和歌・漢詩,,,
136,空言・虚言（そらごと）,名詞,うそ・いつわり,,,
137,僻事（ひがこと・ひがごと）,名詞,間違い・誤り,悪事,,
138,絆（ほだし）,名詞,妨げとなるもの・束縛するもの,,,
139,本意（ほい）,名詞,本来の目的・かねてからの願い,,,
140,際（きは）,名詞,身分・程度,端・限度・最後,,
141,故（ゆゑ）,名詞,理由・原因,身分・由緒,風情・趣,
142,由（よし）,名詞,理由・手段・ふり,縁・由緒,風情・趣,こと・旨
143,業（わざ）,名詞,仏事・法要,こと・行い,,
144,世（よ）・世の中（よのなか）,名詞,夫婦の仲・男女の仲,世間,,
145,実に（げに）,副詞,なるほど・確かに・本当に,,,
146,いと,副詞,たいそう・とても・本当に,〈打消表現をともなって〉たいして（～ない）,,
147,いとど,副詞,ますます・いっそう・その上,,,
148,なかなか,副詞,中途半端に,かえって・むしろ,,
149,猶（なほ）,副詞,依然として,そうはいってもやはり,さらに・いっそう,
150,さすがに,副詞,そうはいってもやはり,,,
151,やがて,副詞,そのまま,すぐに,,
152,やうやう,副詞,しだいに・だんだん,やっと・かろうじて,,
153,すなはち,副詞,すぐに・ただちに,,,
154,すなはち,接続詞,そこで,,,
155,やをら・やはら,副詞,そっと・静かに,,,
156,数多（あまた）,副詞,たくさん・大勢,,,
157,ここら・そこら,副詞,たくさん・大勢,そんなにも・たいそう,,
158,とかく・とかう,副詞,あれこれと,,,
159,いかが,副詞,〈疑問〉どう・どのように（～か）,〈反語〉どうして（～か、いや～ない）,,
160,いかで・いかでか,副詞,〈疑問〉どうして・どのようにして（～か）,〈反語〉どうして（～か、いや～ない）,〈願望の強調〉なんとかして（～たい）,
161,いつしか,副詞,〈後に願望・意志の表現をともなって〉早く（～してほしい・～したい）,いつの間にか・早くも,,
162,など・などか・などかは,副詞,〈疑問〉どうして（～か）,〈反語〉どうして（～か、いや～ない）,,
163,なでふ・なんでふ,副詞,〈疑問〉どうして（～か）,〈反語〉どうして（～か、いや～ない）,,
164,なでふ・なんでふ,連体詞,なんという,,,
165,自ら（おのづから）,副詞,自然に・ひとりでに,たまたま・偶然,〈仮定・推量表現をともなって〉万一・ひょっとして,
166,うたて,副詞,不快で・気味悪く,,,
167,互に（かたみに）,副詞,互いに,,,
168,態と（わざと）,副詞,わざわざ,特別に・格別に,〈「わざとの」の形で〉正式な・本格的な,
169,然（さ）,副詞,そう・そのように,,,
170,然（しか）,副詞,そう・そのように,,,
171,斯く（かく）・斯う（かう）,副詞,こう・このように,,,
172,え,副詞,〈打消表現をともなって〉～できない,,,
173,更に（さらに）,副詞,〈打消表現をともなって〉まったく・けっして（～ない）,〈打消表現をともなわず〉さらに・その上,,
174,世に（よに）,副詞,〈打消表現をともなって〉まったく・けっして（～ない）,〈打消表現をともなわず〉実に・非常に,,
175,大方（おほかた）,副詞,〈打消表現をともなって〉まったく・けっして（～ない）,〈打消表現をともなわず〉だいたい・概して,,
176,絶えて（たえて）,副詞,〈打消表現をともなって〉まったく・けっして（～ない）,,,
177,つゆ,副詞,〈打消表現をともなって〉まったく・少しも（～ない）,,,
178,つやつや,副詞,〈打消表現をともなって〉まったく・少しも（～ない）,〈打消表現をともなわず〉すっかり・つくづく,,
179,よも,副詞,〈打消推量の助動詞「じ」をともなって〉まさか・よもや・けっして（～ないだろう）,,,
180,をさをさ,副詞,〈打消表現をともなって〉ほとんど・めったに（～ない）,しっかり・きちんと,,
181,あなかしこ,副詞,ああ、おそれ多い,〈禁止表現をともなって〉けっして（～するな）,,
182,ゆめ・ゆめゆめ,副詞,〈打消表現をともなって〉まったく・少しも（～ない）,〈禁止表現をともなって〉けっして（～するな）,,
183,な～そ,副詞,～（する）な・～（し）ないでくれ,,,
184,構へて（かまへて）,副詞,注意して・用心して,〈意志・願望表現をともなって〉必ず・きっと,〈禁止・打消表現をともなって〉けっして（～するな）,
185,なべて,副詞,一様に・一般に,並一通り・普通,,
186,語らふ（かたらふ）,動詞,語り合う・親しくする,（男女が）契る・夫婦の関係を結ぶ,説得する・仲間に引き入れる・相談する,
187,忍ぶ（しのぶ）,動詞,じっとこらえる・恋心を包み隠す,人目を避ける,,
188,偲ぶ（しのぶ）,動詞,なつかしむ・思い慕う,,,
189,答ふ・応ふ（いらふ）,動詞,返事をする・返答する・返歌する,,,
190,住む（すむ）,動詞,（男が女のもとに）通う・結婚する,（現代語と同じ）住む,,
191,困ず（こうず）,動詞,疲れ果てる,困る,,
192,会ふ・逢ふ・合ふ（あふ）,動詞,結婚する・（男女が）契る,,,
193,敢ふ（あふ）,動詞,〈打消表現をともなって〉耐えられない・がまんできない,〈動詞に付き、打消表現をともなって〉～きれない・～できない,〈「あへなむ」の形で〉差しつかえないだろう,
194,障る（さはる）,動詞,差しつかえる・妨げられる,,,
195,移ろふ（うつろふ）,動詞,心変わりする・心移りする,色あせる・散る,,
196,憂ふ・愁ふ（うれふ）,動詞,嘆き訴える・悲しみ嘆く,,,
197,搔き暗す（かきくらす）,動詞,空を暗くする・あたり一面を暗くする,心を暗くする・悲しみにくれる,,
198,あくがる,動詞,（心が）さまよい出る・うわの空になる,,,
199,潮垂る（しほたる）,動詞,涙を流す・袖が涙で濡れる,,,
200,分く（わく）,動詞,区別する・分ける,理解する・わかる,,
201,訪ふ（とぶらふ）,動詞,訪れる・訪問する,見舞う,,
202,弔ふ（とぶらふ）,動詞,追善供養する・弔問する,,,
203,設く（まうく）,動詞,準備する・用意する,,,
204,もてなす,動詞,（自分が）振る舞う,（相手・物事を）取り扱う・大切にする,,
205,ねぶ,動詞,成長する・大人びる,,,
206,慣らふ・馴らふ（ならふ）,動詞,慣れる・習慣になる,親しむ・なじむ,,
207,荒ぶ・進ぶ・遊ぶ（すさぶ）,動詞,気ままに～する・興にまかせて～する・盛んに～する,,,
208,託つ（かこつ）,動詞,不平を言う・嘆く,,,
209,止む（やむ）,動詞,〈四段〉終わる・止まる・そのままになる,〈四段〉（病気などが）治る,〈下二段〉終える・止める・治す,
210,争ふ・辞ふ（すまふ）,動詞,抵抗する・断る・辞退する,,,
211,掟つ（おきつ）,動詞,前もって決めておく・計画する,指図する・命令する,,
212,謀る（たばかる）,動詞,計画を立てる・工夫する,たくらむ・だます,,
213,結ぶ（むすぶ）,動詞,つくる・できる・結ぶ,,,
214,掬ぶ（むすぶ）,動詞,両手ですくう,,,
215,時めく（ときめく）,動詞,時流に乗って栄える・寵愛を受ける,,,
216,慎む（つつむ）,動詞,隠す,遠慮する・気がねする,,
217,ためらふ,動詞,（心を）落ち着かせる・気を静める,（病気を）落ち着かせる・療養する,（現代語と同じ）ためらう・躊躇する,
218,休らふ（やすらふ）,動詞,躊躇する・ためらう,立ち止まる,,
219,知る・領る・治る（しる）,動詞,（土地を）領有する・（天下・国を）治める,（現代語と同じ）理解する・知る,,
220,うるせし,形容詞,賢明だ・気がきく,上手だ・巧みだ,,
221,労労じ（らうらうじ）,形容詞,巧みだ・気が利いている,洗練されている・上品だ,,
222,心安し（こころやすし）,形容詞,安心だ・心穏やかだ,気安い・遠慮がいらない,,
223,隈無し（くまなし）,形容詞,暗いところがない・かげがない,行き届いている・精通している,,
224,長長し（をさをさし）,形容詞,大人びている・しっかりしている,,,
225,付き付きし（つきづきし）,形容詞,似つかわしい・ふさわしい,,,
226,まばゆし,形容詞,（まぶしく感じるほど）美しい・華やかだ,見ていられない・目を背けたくなるほどいやだ,恥ずかしい・きまりが悪い,
227,忝し（かたじけなし）,形容詞,おそれ多い・申し訳ない,恥ずかしい・面目ない,ありがたい・うれしい,
228,惜し（あたらし）,形容詞,惜しい・もったいない,,,
229,妬し（ねたし）,形容詞,しゃくにさわる・くやしい,（ねたましくなるほど）すばらしい,,
230,むくつけし,形容詞,気味が悪い・恐ろしい・無骨だ,,,
231,さがなし,形容詞,性格が悪い・意地が悪い,いたずらだ・やんちゃだ,,
232,いぶせし,形容詞,気が晴れない・うっとうしい,気がかりだ,,
233,こちたし,形容詞,わずらわしい・うるさい,仰々しい・大げさだ・（ものが）非常に多い,,
234,あいなし,形容詞,気に入らない・つまらない,〈多くは「あいなく（う）」の形で〉むやみに・わけもなく・ただもう,,
235,おほけなし,形容詞,身のほど知らずだ・おそれ多い,,,
236,言ふ甲斐無し（いふかひなし）,形容詞,どうしようもない・言っても仕方がない,取るに足りない・つまらない,,
237,術無し（ずちなし・すべなし）,形容詞,どうしようもない,,,
238,正無し（まさなし）,形容詞,よくない・不都合だ・見苦しい・みっともない,,,
239,寝汚し（いぎたなし）,形容詞,寝坊だ・熟睡している,,,
240,由無し（よしなし）,形容詞,理由がない・方法がない,関係がない,つまらない・無意味だ,
241,しどけなし,形容詞,くつろいでいる・気楽な感じだ,だらしない・乱れている,,
242,拙し（つたなし）,形容詞,劣っている・下手だ,不運だ,,
243,人悪し（ひとわろし）,形容詞,みっともない・体裁が悪い・外聞が悪い,,,
244,所狭し（ところせし）,形容詞,いっぱいだ・あふれている,気詰まりだ・不自由だ,大げさだ・重々しい,
245,甚し（いたし）,形容詞,〈「いたく（う）」の形で〉たいそう・ひどく,すばらしい・非常に良い,〈打消表現をともなって〉それほど（～ない）・たいして（～ない）,
246,双無し（さうなし）,形容詞,並ぶものがない・すばらしい,,,
247,左右無し（さうなし）,形容詞,あれこれ考えない・簡単だ・決められない,,,
248,果無し（はかなし）,形容詞,頼りない・むなしい・はかない,ちょっとした・取るに足りない,,
249,果果し・捗捗し（はかばかし）,形容詞,しっかりしている・頼もしい,はっきりしている,,
250,篤し（あつし）,形容詞,病気が重い・病気がちである,,,
251,未だし（まだし）,形容詞,まだ早い・時期尚早だ,不十分だ・未熟だ,,
252,ゆくりなし,形容詞,突然だ・思いがけない,,,
253,凄し（すごし）,形容詞,（ぞっとするほど）さびしい・気味が悪い,（ぞっとするほど）すばらしい,,
254,繁し・茂し（しげし）,形容詞,（草や木が）生い茂る・多い,わずらわしい,しきりだ・絶え間ない,
255,楽し（たのし）,形容詞,裕福だ・豊かだ,（現代語と同じ）楽しい・愉快だ,,
256,顕なり（あらはなり）,形容動詞,まる見えだ・はっきりと見える,,,
257,思はずなり（おもはずなり）,形容動詞,思いがけない・意外だ,〈否定的意味で〉思い通りにならない,,
258,あやにくなり,形容動詞,ひどい・はなはだしい・意地が悪い,不都合だ・残念だ・あいにくだ,,
259,斜めなり（なのめなり）,形容動詞,普通だ・ありきたりだ,いいかげんだ・不十分だ,〈鎌倉時代以降〉並々でない・格別だ,
260,おぼろけなり,形容動詞,並一通りだ,並々でない・格別だ,,
261,細やかなり・濃やかなり（こまやかなり）,形容動詞,細かい・くわしい,（色が）濃くて美しい,心がこもっている・親切だ,
262,密かなり（みそかなり）,形容動詞,ひそかだ・こっそり,,,
263,頓なり（とみなり）,形容動詞,急だ・突然だ,〈「とみに」の形で〉すぐに,,
264,うちつけなり,形容動詞,突然だ・だしぬけだ,軽率だ・失礼だ,,
265,漫ろなり（すずろなり・そぞろなり）,形容動詞,当てもない・何ということもない,思いがけない・意外だ,〈「すずろに（そぞろに）」の形で〉むやみやたらに,
266,懇ろなり（ねんごろなり）,形容動詞,丁寧だ・熱心だ,親密だ・親しい,,
267,おいらかなり,形容動詞,おっとりしている・穏やかだ,〈「おいらかに」の形で〉率直に・いっそのこと,,
268,切なり（せちなり・せつなり）,形容動詞,切実だ・痛切だ,大切だ・重要だ,〈「せちに・せつに」の形で〉しきりに・ひたすら,
269,頼り・便り（たより）,名詞,頼りにするもの・よりどころ,縁故・つて,（よい）機会・ついで,
270,心ばへ（こころばへ）,名詞,気立て・性質,心づかい,趣・情趣,
271,物語（ものがたり）,名詞,雑談・語らい・おしゃべり,物語（『源氏物語』などの物語作品〉,,
272,方便（たづき）,名詞,方法・手段,,,
273,品（しな）,名詞,身分・地位・家柄,品格・人柄,,
274,暇（いとま）,名詞,ひま・休むこと・別れ,,,
275,例（ためし）,名詞,先例・例・手本・規範,,,
276,つとめて,名詞,早朝,（何かあった日の）翌朝,,
277,程（ほど）,名詞,〈時間的な範囲〉間・時間・頃,〈空間的な範囲〉距離・広さ・あたり,〈人間としての程度〉身分・家柄・年齢,〈物事の程度〉様子・具合・程度
278,様（やう）,名詞,理由・事情,方法・手段,様子・ありさま,〈形式名詞〉～ことには
279,心（こころ）,名詞,気持ち・意向・気立て,意味・事情,風情・情趣・趣向,
280,色（いろ）,名詞,様子・顔色・表情,風流・情趣,恋愛,
281,志（こころざし）,名詞,愛情・誠意・気持ち,贈り物・謝礼,,
282,其の上（そのかみ）,名詞,その当時・昔,,,
283,折節（をりふし）,名詞,季節・その時々,,,
284,折節（をりふし）,副詞,ちょうどその時,,,
285,あらまし,名詞,予定・予想・計画,おおよそ・概略,,
286,急ぎ（いそぎ）,名詞,準備・用意,（現代語と同じ）急用・急ぐこと,,
287,用意（ようい）,名詞,気くばり・心づかい・注意,（現代語と同じ）準備・支度,,
288,あから目（あからめ）,名詞,脇見・よそ見,浮気,,
289,契り（ちぎり）,名詞,約束・男女の結びつき,前世からの因縁・宿縁,,
290,咎・科（とが）,名詞,欠点・短所,罪・過失,,
291,片方（かたへ）,名詞,片方・半分・傍ら・一部分,仲間・同僚,,
292,主（あるじ）,名詞,主人,,,
293,饗（あるじ）,名詞,もてなし・ごちそう,,,
294,禄（ろく）,名詞,ほうび（の品）,,,
295,妹（いも）,名詞,いとしい人・妻・恋人,,,
296,弟（おとうと・おとと）,名詞,弟・妹,,,
297,兄人（せうと）,名詞,兄・弟,,,
298,端（つま）,名詞,端・へり,きっかけ・端緒・手がかり,,
299,夫・妻（つま）,名詞,夫・妻,,,
300,此（これ）,名詞,この私,この人,あなた,
301,其れ（それ）,名詞,その人,あなた,,
302,彼（かれ）,名詞,あの人・あの女,あれ,,
303,此処（ここ）,名詞,この私,あなた,,
304,其処（そこ）,名詞,あなた,あれ,,
305,此方（こなた）,名詞,こちら,この私,,
306,其方（そなた）,名詞,そちら,あなた,,
307,彼方（あなた）,名詞,あちら,向こう,,
308,文目（あやめ）,名詞,物の道理・分別・筋道,物の模様・区別・違い,,
309,万（よろづ）,名詞,さまざまな（なこと）・いろいろ（なこと）,,,
310,万（よろづ）,副詞,すべて・万事につけて,,,
311,沙汰（さた）,名詞,判定・訴訟・措置,命令・手配・指図,評判・うわさ,
312,故（け）,名詞,ため・わけ・せい,,,
313,晦日（つごもり）,名詞,月末・月の下旬,,,
314,今,副詞,まもなく・すぐに,さらに・もう,,
315,直（ただ）,副詞,直接・まっすぐ・ありのまま,,,
316,唯・只（ただ）,副詞,ただ単に・ひたすら,,,
317,且つ（かつ）,副詞,一方では,すぐに・～するそばから,,
318,疾く（とく）・疾う（とう）,副詞,早く・すぐに,すでに・早くも,,
319,早く（はやく）・早う（はやう）,副詞,以前,すでに・早くも,なんとまあ,
320,せめて,副詞,無理に・しいて・しきりに,ひどく・きわめて・痛切に,,
321,かけて,副詞,心にかけて,〈打消表現をともなって〉まったく・少しも（～ない）,,
322,定めて（さだめて）,副詞,〈推量表現をともなって〉きっと・必ず（～だろう）,,,
323,ありし,連体詞,以前の・過去の,,,
324,ありつる,連体詞,先ほどの,,,
325,夜（も）すがら（よ（も）すがら）,副詞,一晩中,,,
326,終日（ひねもす）,副詞,一日中・朝から晩まで,,,
327,仰す（おほす）,動詞,〈「言ふ」の尊敬語〉おっしゃる,〈「命ず」の尊敬語〉命令なさる,,
328,宣ふ（のたまふ）・宣はす（のたまはす）,動詞,〈「言ふ」の尊敬語〉おっしゃる,,,
329,聞こし召す（きこしめす）,動詞,〈「聞く」の尊敬語〉お聞きになる,〈「食ふ・飲む」の尊敬語〉召しあがる,,
330,聞こゆ（きこゆ）・聞こえさす（きこえさす）,動詞,〈「言ふ」の謙譲語〉申し上げる,〈謙譲の補助動詞〉（お）～申し上げる・お～する,,
331,申す（まうす）,動詞,〈「言ふ」の謙譲語〉申し上げる,〈謙譲の補助動詞〉（お）～申し上げる・お～する,,
332,奏す（そうす）,動詞,〈「言ふ」の謙譲語〉（天皇・上皇・法皇に）申し上げる,,,
333,啓す（けいす）,動詞,〈「言ふ」の謙譲語〉（中宮・東宮などに）申し上げる,,,
334,承る（うけたまはる）,動詞,〈「受く」の謙譲語〉お受けする,〈「聞く」の謙譲語〉お聞きする,,
335,おはす・おはします,動詞,〈「あり」「行く」「来」の尊敬語〉いらっしゃる・おいでになる,〈尊敬の補助動詞〉～（て）いらっしゃる,,
336,います・ます・まします・いますかり,動詞,〈「あり」「行く」「来」の尊敬語〉いらっしゃる・おいでになる,〈尊敬の補助動詞〉～（て）いらっしゃる,,
337,思す（おぼす）・思し召す（おぼしめす）,動詞,〈「思ふ」の尊敬語〉お思いになる,,,
338,御覧ず（ごらんず）,動詞,〈「見る」の尊敬語〉御覧になる,,,
339,大殿籠る（おほとのごもる）,動詞,〈「寝」「寝ぬ」の尊敬語〉おやすみになる,,,
340,遊ばす（あそばす）,動詞,〈「遊ぶ」の尊敬語〉（詩歌を）お詠みになる・（管弦を）演奏なさる,〈「す」の尊敬語〉（技芸の関する事柄を）なさる,,
341,知ろし召す（しろしめす）,動詞,〈「領る」の尊敬語〉お治めになる,〈「知る」の尊敬語〉知っていらっしゃる・ご存じである,,
342,召す（めす）,動詞,〈「呼ぶ」の尊敬語〉お呼びになる,〈「取り寄す」の尊敬語〉お取り寄せになる,〈「食ふ・飲む」「着る」「乗る」の尊敬語〉召し上がる・お召しになる・お乗りになる,
343,奉る（たてまつる）,動詞,〈「与ふ」の謙譲語〉差し上げる,〈謙譲の補助動詞〉（お）～申し上げる・お～する,〈「食ふ・飲む」「着る」「乗る」の尊敬語〉召し上がる・お召しになる・お乗りになる,
344,参らす（まゐらす）,動詞,〈「与ふ」の謙譲語〉差し上げる,〈謙譲の補助動詞〉（お）～申し上げる・お～する,,
345,参る（まゐる）・詣づ（まうづ）,動詞,〈「行く」「来」の謙譲語〉参上する・参詣する,〈「与ふ」「す」の謙譲語〉差し上げる・して差し上げる,〈「食ふ・飲む」の尊敬語〉召し上がる,
346,罷る（まかる）・罷づ（まかづ）,動詞,〈「出づ」「行く」の謙譲語〉退出する・（都から地方へ）下る,〈「出づ」「行く」の丁寧語的用法〉出かけます・参ります,〈動詞の前について謙譲・丁寧の意を添える〉～申す・～ます,
347,仕（う）まつる）（つか（う）まつる）,動詞,〈「仕ふ」の謙譲語〉お仕え申し上げる,〈「す」の謙譲語〉いたす・～して差し上げる,〈謙譲の補助動詞〉（お）～申し上げる・お～する,
348,遣はす（つかはす）,動詞,〈「遣る」「与ふ」「贈る」の尊敬語〉おやりになる・お与えになる・お贈りになる,〈敬意を含まない〉行かせる・やる,,
